{"starting_pos": [100, 100, 0], "killers": {"circles": [[0, 1002, 386.9289340434494], [829, 0, 310.0], [1300, 664, 169.83815825661793]], "rects": []}, "finish": [1838, 27, 50, 50]}