{"starting_pos": [100, 100, 0], "killers": {"circles": [[333, 423, 54.91812087098393], [1044, 418, 56.32051136131489], [628, 791, 96.38464608017192], [1342, 855, 111.8257573191436], [1357, 383, 13.416407864998739], [1360, 337, 8.06225774829855], [1346, 354, 54.0]], "rects": [[0, 360, 1677, 62]]}, "finish": [28, 957, 50, 50]}