{"starting_pos": [100, 100, 0], "killers": {"circles": [[0, 399, 90.70832376358854], [373, 650, 93.94147114027967], [672, 332, 91.39474820797966], [957, 164, 105.43718509140881], [1010, 597, 130.6330739131557], [697, 865, 75.58438992278762], [52, 907, 111.6288493177279], [1418, 86, 119.33147112141039], [1407, 887, 102.18121158021175], [1903, 234, 113.13708498984761], [1818, 741, 110.46266337545913]], "rects": []}, "finish": [1444, 475, 50, 50]}