{
  "starting_pos": [100, 100, 0],
  "killers": {
    "circles": [
      [200, 318, 72.00694410957877],
      [491, 334, 84.38009243891595],
      [818, 313, 1.0],
      [777, 303, 11.313708498984761],
      [779, 339, 90.13878188659973],
      [1105, 328, 74.02702209328699],
      [1428, 334, 78.77182237323191]
    ],
    "rects": [
      [62, 299, 1566, 70],
      [145, 367, 1391, 70],
      [220, 437, 1220, 82],
      [318, 516, 1034, 77],
      [408, 591, 842, 74],
      [498, 664, 656, 65],
      [586, 727, 481, 71],
      [673, 795, 308, 71],
      [770, 866, 127, 64]
    ]
  },
  "finish": [144, 748, 50, 50]
}
