{
  "starting_pos": [100, 100, 0],
  "killers": {
    "circles": [
      [591, 139, 68.76772498781678],
      [853, 436, 60.21627686929839],
      [1075, 117, 87.96590248499699],
      [1666, 988, 105.55093557141026],
      [1894, 625, 140.356688476182],
      [1802, 731, 1.0]
    ],
    "rects": [
      [389, 0, 115, 663],
      [391, 788, 108, 242],
      [609, 673, 96, 364],
      [704, 556, 619, 122],
      [1338, 5, 114, 419],
      [1328, 679, 102, 52],
      [1410, 734, 95, 59],
      [1481, 806, 136, 90],
      [1437, 423, 158, 58],
      [1571, 483, 212, 89],
      [500, 0, 845, 58],
      [1011, 515, 84, 44],
      [748, 515, 136, 35],
      [20, 784, 83, 51],
      [158, 862, 145, 78],
      [367, 986, 29, 12],
      [331, 950, 31, 42]
    ]
  },
  "finish": [1867, 963, 50, 50]
}
